feature,importance
double_decoded_traversal_count,0.15275767
xss_keyword_count,0.13746399
sql_comment_count,0.12041834
pipe_count,0.09691913
sql_keyword_count,0.06884975
shell_operator_count,0.063637696
quote_count,0.047149267
backslash_count,0.04375524
special_count,0.03638845
semicolon_count,0.033415183
angle_bracket_count,0.02557926
command_keyword_count,0.023760654
decoded_traversal_count,0.018239116
total_length,0.01783623
double_encoded_count,0.017304903
parameter_count,0.0162694
percent_encoded_count,0.014475094
equals_count,0.011735289
parentheses_count,0.011553746
alpha_count,0.008626861
special_ratio,0.0076232646
digit_ratio,0.0057344474
alpha_ratio,0.0051416084
ampersand_count,0.005011042
path_depth,0.003863822
digit_count,0.002962582
body_length,0.0019866151
url_length,0.0015250087
method_get,1.6430384e-05
traversal_count,0.0
bracket_count,0.0
brace_count,0.0
method_post,0.0
method_put,0.0
method_delete,0.0
method_patch,0.0
